createDate,modifyDate,firstName,lastName,birth_Date,email,mobile_phone,email_optIn,sms_optIn,customer_id,shipping_street_address,shipping_city,shipping_state,shipping_zip_code,billing_street_address,billing_city,billing_state,billing_zip_code,plan_id,plan_name,account_create_date,account_end_date,source
2023-09-24T10:19:58Z,2023-11-22T10:19:58Z,Rosalind,Wayvill,9/27/1942,rwayvill0@skype.com,,n,,599740966,03 Sauthoff Road,San Diego,CA,92196,742 Moulton Avenue,Salt Lake City,UT,84120,m2,ultimate,Created on 2023-09-24T10:19:58Z,,web
2023-10-24T10:19:58Z,2023-12-23T10:19:58Z,Melisandra,Tschirasche,4/23/1979,mtschirasche1@npr.org,+17181783780,n,y,981765651,7 Anhalt Park,Bronx,NY,10459,050 Hayes Pass,Boston,MA,02208,m1,basic,Created on 2023-10-24T10:19:58Z,2024-02-23T10:19:59Z,inStore
2023-11-03T10:19:58Z,2023-11-25T10:19:58Z,Frieda,Kelinge,3/31/1968,fkelinge2@techcrunch.com,+13144871658,n,n,589561911,021 Stephen Lane,Saint Louis,MO,63158,69 Vernon Street,Crawfordsville,IN,47937,m3,pro,Created on 2023-11-03T10:19:58Z,,inStore
2023-11-19T10:19:59Z,2024-01-05T10:19:59Z,Franni,Tessier,11/8/1969,ftessier3@mediafire.com,+13093837817,n,,829870260,5073 Jana Point,Bloomington,IL,61709,79160 Nelson Plaza,Louisville,KY,40287,m1,basic,Created on 2023-11-19T10:19:59Z,,inStore
2023-10-22T10:19:58Z,2023-11-13T10:19:58Z,Farah,Dowsett,2/1/1979,fdowsett4@comsenz.com,+15025122411,y,,561515492,1997 Linden Plaza,Louisville,KY,40266,09664 Eagan Crossing,Virginia Beach,VA,23471,m2,ultimate,Created on 2023-10-22T10:19:58Z,,web
2023-09-20T10:19:59Z,2023-09-28T10:19:59Z,Roy,Coots,2/29/1980,rcoots5@barnesandnoble.com,+12029664519,y,,072638572,395 Blackbird Avenue,Washington,DC,20215,29600 North Avenue,Kansas City,KS,66160,m3,pro,Created on 2023-09-20T10:19:59Z,,inStore
2023-08-31T10:19:58Z,2023-10-14T10:19:58Z,Avrit,Portman,7/31/1940,aportman6@opensource.org,+14196378522,n,n,647215054,4253 Scoville Drive,Toledo,OH,43666,35070 Miller Place,Little Rock,AR,72204,m2,ultimate,Created on 2023-08-31T10:19:58Z,,inStore
2023-10-19T10:19:58Z,2023-11-30T10:19:58Z,Lindie,Babbs,10/9/1975,lbabbs7@example.com,+17186322592,n,,009476633,6 Petterle Point,New York City,NY,10014,6738 Jay Alley,Austin,TX,78703,m1,basic,Created on 2023-10-19T10:19:58Z,2024-02-23T10:19:59Z,web
2023-10-22T10:19:59Z,2023-12-09T10:19:59Z,Amargo,Baglin,4/22/1982,abaglin8@cdbaby.com,+14109962277,n,n,866967234,869 Gulseth Junction,Baltimore,MD,21282,6 Sycamore Lane,Naples,FL,34108,m2,ultimate,Created on 2023-10-22T10:19:59Z,,inStore
2023-11-08T10:19:59Z,2023-12-20T10:19:59Z,Carlo,Petrie,3/2/1995,cpetrie9@purevolume.com,+13101207306,y,n,094054151,44526 Delaware Pass,Los Angeles,CA,90010,627 Lake View Lane,Asheville,NC,28805,m3,pro,Created on 2023-11-08T10:19:59Z,,web
2023-11-21T10:19:59Z,2024-01-20T10:19:59Z,Anabel,Rainger,3/30/1994,araingera@google.ca,+13365265143,n,,703476931,105 Merchant Point,Greensboro,NC,27404,66532 Welch Center,Greenville,SC,29610,m2,ultimate,Created on 2023-11-21T10:19:59Z,2024-02-23T10:19:59Z,web
2023-09-04T10:19:59Z,2023-09-06T10:19:59Z,Perkin,Tames,11/21/1987,ptamesb@wikipedia.org,+17578938886,n,y,348330678,330 Grover Crossing,Herndon,VA,22070,56764 Rigney Crossing,Harrisburg,PA,17121,m1,basic,Created on 2023-09-04T10:19:59Z,,web
2023-11-17T10:19:59Z,2023-12-19T10:19:59Z,Nita,Carey,8/8/1972,ncareyc@cyberchimps.com,,n,y,397052917,3 Anderson Trail,Lexington,KY,40510,1439 Starling Center,Denver,CO,80255,m1,basic,Created on 2023-11-17T10:19:59Z,2024-02-23T10:19:59Z,web
2023-09-06T10:19:59Z,2023-10-24T10:19:59Z,Jesse,Sworder,11/13/1940,jsworderd@telegraph.co.uk,+16147823660,y,y,232440465,0492 Sauthoff Drive,Columbus,OH,43204,619 Carberry Court,Charlottesville,VA,22903,m2,ultimate,Created on 2023-09-06T10:19:59Z,,inStore
2023-10-05T10:19:59Z,2023-10-14T10:19:59Z,Di,Yannikov,7/24/1973,dyannikove@deviantart.com,,y,y,425761156,37514 Waxwing Plaza,Young America,MN,55551,8152 Eagle Crest Plaza,Philadelphia,PA,19151,m3,pro,Created on 2023-10-05T10:19:59Z,,inStore
2023-10-03T10:19:59Z,2023-11-03T10:19:59Z,Dimitri,Frowde,11/29/1973,dfrowdef@cocolog-nifty.com,+13097009583,n,y,537738652,8 Wayridge Drive,Peoria,IL,61614,42 Westend Trail,Canton,OH,44720,m2,ultimate,Created on 2023-10-03T10:19:59Z,,web
2023-09-13T10:19:59Z,2023-09-15T10:19:59Z,Maurits,Polycote,1/25/1949,mpolycoteg@ftc.gov,+13055695004,y,n,280663696,9 Rieder Pass,Miami,FL,33196,94 Esker Hill,Sacramento,CA,95852,m2,ultimate,Created on 2023-09-13T10:19:59Z,2024-02-23T10:19:59Z,inStore
2023-09-13T10:19:59Z,2023-10-15T10:19:59Z,Elia,Simonitto,10/22/1941,esimonittoh@bloomberg.com,+12142295666,n,y,787279327,59551 Bashford Alley,Dallas,TX,75379,99 Susan Pass,San Diego,CA,92170,m3,pro,Created on 2023-09-13T10:19:59Z,,inStore
2023-11-02T10:19:59Z,2023-12-10T10:19:59Z,Lance,Arran,1/31/1945,larrani@unblog.fr,,n,n,215473842,1069 Karstens Drive,Charlotte,NC,28284,092 Welch Parkway,Cincinnati,OH,45208,m1,basic,Created on 2023-11-02T10:19:59Z,,web
2023-10-25T10:19:59Z,2023-11-30T10:19:59Z,Nathanial,Ellerey,5/11/1964,nellereyj@hugedomains.com,+16142491957,y,y,499995658,243 Manitowish Point,Columbus,OH,43204,2 Sauthoff Place,Fort Wayne,IN,46862,m1,basic,Created on 2023-10-25T10:19:59Z,,inStore
